{
  "experiment": "causal_mechanism_hunt",
  "model_name": "mistralai/Mistral-7B-v0.1",
  "layer_geometry": {
    "champion": {
      "L0": {
        "pr": 9.147808074951172,
        "eff_rank": 9.147809028625488,
        "top_sv_ratio": 0.135075643658638
      },
      "L2": {
        "pr": 5.9302239418029785,
        "eff_rank": 5.9302239418029785,
        "top_sv_ratio": 0.1754409819841385
      },
      "L4": {
        "pr": 5.951314926147461,
        "eff_rank": 5.951314449310303,
        "top_sv_ratio": 0.17210598289966583
      },
      "L6": {
        "pr": 5.169394493103027,
        "eff_rank": 5.1693949699401855,
        "top_sv_ratio": 0.18390749394893646
      },
      "L8": {
        "pr": 4.690799713134766,
        "eff_rank": 4.690799236297607,
        "top_sv_ratio": 0.19143489003181458
      },
      "L10": {
        "pr": 4.690821647644043,
        "eff_rank": 4.690822124481201,
        "top_sv_ratio": 0.1910993605852127
      },
      "L12": {
        "pr": 4.5732502937316895,
        "eff_rank": 4.573250770568848,
        "top_sv_ratio": 0.1925172507762909
      },
      "L14": {
        "pr": 4.393129348754883,
        "eff_rank": 4.393128871917725,
        "top_sv_ratio": 0.19670717418193817
      },
      "L16": {
        "pr": 3.735300302505493,
        "eff_rank": 3.735299587249756,
        "top_sv_ratio": 0.2133570909500122
      },
      "L18": {
        "pr": 3.573345422744751,
        "eff_rank": 3.573345422744751,
        "top_sv_ratio": 0.21967612206935883
      },
      "L20": {
        "pr": 3.310945749282837,
        "eff_rank": 3.310945510864258,
        "top_sv_ratio": 0.23105067014694214
      },
      "L22": {
        "pr": 2.847766637802124,
        "eff_rank": 2.8477659225463867,
        "top_sv_ratio": 0.249513179063797
      },
      "L24": {
        "pr": 2.6790683269500732,
        "eff_rank": 2.6790683269500732,
        "top_sv_ratio": 0.2579282522201538
      },
      "L26": {
        "pr": 2.504091262817383,
        "eff_rank": 2.504091501235962,
        "top_sv_ratio": 0.26823076605796814
      },
      "L27": {
        "pr": 2.5433666706085205,
        "eff_rank": 2.5433664321899414,
        "top_sv_ratio": 0.2663012146949768
      },
      "L28": {
        "pr": 2.606386661529541,
        "eff_rank": 2.60638689994812,
        "top_sv_ratio": 0.26340997219085693
      },
      "L30": {
        "pr": 2.6538455486297607,
        "eff_rank": 2.6538455486297607,
        "top_sv_ratio": 0.2626272737979889
      },
      "L31": {
        "pr": 2.625552177429199,
        "eff_rank": 2.625552177429199,
        "top_sv_ratio": 0.26582255959510803
      }
    },
    "baseline": {
      "L0": {
        "pr": 12.604056358337402,
        "eff_rank": 12.604055404663086,
        "top_sv_ratio": 0.09607283771038055
      },
      "L2": {
        "pr": 7.543300151824951,
        "eff_rank": 7.543300151824951,
        "top_sv_ratio": 0.14917851984500885
      },
      "L4": {
        "pr": 5.544841766357422,
        "eff_rank": 5.544841289520264,
        "top_sv_ratio": 0.1747770756483078
      },
      "L6": {
        "pr": 4.471302032470703,
        "eff_rank": 4.471301555633545,
        "top_sv_ratio": 0.19454172253608704
      },
      "L8": {
        "pr": 4.376492500305176,
        "eff_rank": 4.376492977142334,
        "top_sv_ratio": 0.19667014479637146
      },
      "L10": {
        "pr": 4.327117919921875,
        "eff_rank": 4.327117919921875,
        "top_sv_ratio": 0.1981521099805832
      },
      "L12": {
        "pr": 4.721945285797119,
        "eff_rank": 4.721945285797119,
        "top_sv_ratio": 0.18912175297737122
      },
      "L14": {
        "pr": 4.550371170043945,
        "eff_rank": 4.550370693206787,
        "top_sv_ratio": 0.19274139404296875
      },
      "L16": {
        "pr": 3.9886043071746826,
        "eff_rank": 3.9886043071746826,
        "top_sv_ratio": 0.20549219846725464
      },
      "L18": {
        "pr": 4.095971584320068,
        "eff_rank": 4.095971584320068,
        "top_sv_ratio": 0.20289593935012817
      },
      "L20": {
        "pr": 4.009509086608887,
        "eff_rank": 4.009509563446045,
        "top_sv_ratio": 0.20556680858135223
      },
      "L22": {
        "pr": 4.128666877746582,
        "eff_rank": 4.128666877746582,
        "top_sv_ratio": 0.20296305418014526
      },
      "L24": {
        "pr": 4.266382694244385,
        "eff_rank": 4.266382694244385,
        "top_sv_ratio": 0.19988474249839783
      },
      "L26": {
        "pr": 4.55111837387085,
        "eff_rank": 4.55111837387085,
        "top_sv_ratio": 0.19412940740585327
      },
      "L27": {
        "pr": 4.668266296386719,
        "eff_rank": 4.668266773223877,
        "top_sv_ratio": 0.19153077900409698
      },
      "L28": {
        "pr": 4.6461358070373535,
        "eff_rank": 4.6461358070373535,
        "top_sv_ratio": 0.19166240096092224
      },
      "L30": {
        "pr": 4.056890964508057,
        "eff_rank": 4.056891441345215,
        "top_sv_ratio": 0.20368655025959015
      },
      "L31": {
        "pr": 3.897387981414795,
        "eff_rank": 3.897387742996216,
        "top_sv_ratio": 0.20767655968666077
      }
    }
  },
  "h31_entropy": {
    "champion": {
      "L25": 0.6683690547943115,
      "L26": 0.4742710590362549,
      "L27": 0.3173224925994873,
      "L28": 1.5464617013931274,
      "L29": 2.1084232330322266,
      "L30": 0.9697536826133728,
      "L31": 1.2046756744384766
    },
    "baseline": {
      "L25": 0.38109898567199707,
      "L26": 0.19840633869171143,
      "L27": 0.8876779675483704,
      "L28": 0.7447345852851868,
      "L29": 1.3243563175201416,
      "L30": 0.6612276434898376,
      "L31": 0.6822732090950012
    }
  },
  "rv_sweep": {
    "champion": {},
    "baseline": {}
  }
}