{
  "timestamp": "20251216_061202",
  "model": "mistralai/Mistral-7B-v0.1",
  "target_kv_head": 2,
  "control_kv_head": 0,
  "target_layer": 27,
  "wrong_layer": 21,
  "n_recursive": 50,
  "n_baseline": 50,
  "analysis": {
    "recursive": {
      "target_L27": {
        "n": 50,
        "mean": 0.07873194372076889,
        "std": 0.019915177784259837,
        "ci_95": [
          0.0730146511324439,
          0.08444923630909387
        ],
        "t_stat": 27.6735468804586,
        "p_value": 1.4330966577364436e-31,
        "cohens_d": 3.9533638400655144
      },
      "control_head_L27": {
        "n": 50,
        "mean": 0.03016287019940215,
        "std": 0.005332584766724063,
        "ci_95": [
          0.02863198015695911,
          0.03169376024184519
        ],
        "t_stat": 39.594324447189905,
        "p_value": 7.233645810551136e-39,
        "cohens_d": 5.656332063884272
      },
      "target_L21": {
        "n": 50,
        "mean": -0.00046773086175983414,
        "std": 0.0010272406817055677,
        "ci_95": [
          -0.0007626333526923009,
          -0.00017282837082736733
        ],
        "t_stat": -3.1872920247694014,
        "p_value": 0.002501311866869755,
        "cohens_d": -0.4553274321099145
      }
    },
    "baseline": {
      "target_L27": {
        "n": 50,
        "mean": 0.0892330617219709,
        "std": 0.0312677588902868,
        "ci_95": [
          0.08025664543819262,
          0.09820947800574918
        ],
        "t_stat": 19.97685328985428,
        "p_value": 3.3919875429473573e-25,
        "cohens_d": 2.853836184264897
      },
      "control_head_L27": {
        "n": 50,
        "mean": 0.039465256753571605,
        "std": 0.01079636210051385,
        "ci_95": [
          0.03636581362096114,
          0.04256469988618207
        ],
        "t_stat": 25.587952191956667,
        "p_value": 5.2217638122704494e-30,
        "cohens_d": 3.6554217417080954
      },
      "target_L21": {
        "n": 50,
        "mean": -5.84041772300381e-05,
        "std": 0.0017163779364769585,
        "ci_95": [
          -0.0005511456913299065,
          0.00043433733686983023
        ],
        "t_stat": -0.2381930179371978,
        "p_value": 0.8127246814616221,
        "cohens_d": -0.03402757399102825
      }
    }
  },
  "key_finding": {
    "target_effect_recursive": 0.07873194372076889,
    "target_effect_baseline": 0.0892330617219709,
    "expected_effect": 0.0915,
    "observed_exceeds_expected": false
  }
}