{
  "timestamp": "20251215_173922",
  "model": "mistralai/Mistral-7B-v0.1",
  "target_kv_head": 2,
  "control_kv_head": 0,
  "target_layer": 27,
  "wrong_layer": 21,
  "n_recursive": 50,
  "n_baseline": 50,
  "analysis": {
    "recursive": {
      "target_L27": {
        "n": 50,
        "mean": 0.07870715541741313,
        "std": 0.01991239833141861,
        "ci_95": [
          0.07299066076045993,
          0.08442365007436634
        ],
        "t_stat": 27.66869559115739,
        "p_value": 1.4447288761395933e-31,
        "cohens_d": 3.952670798736771
      },
      "control_head_L27": {
        "n": 50,
        "mean": 0.030182614858732887,
        "std": 0.005342218786834444,
        "ci_95": [
          0.02864895906082587,
          0.0317162706566399
        ],
        "t_stat": 39.54879282215323,
        "p_value": 7.640370590290043e-39,
        "cohens_d": 5.64982754602189
      },
      "target_L21": {
        "n": 50,
        "mean": -0.0004777407260278632,
        "std": 0.001017803012571048,
        "ci_95": [
          -0.0007699338303619087,
          -0.00018554762169381773
        ],
        "t_stat": -3.2856899035377936,
        "p_value": 0.0018840427216921293,
        "cohens_d": -0.46938427193397053
      }
    },
    "baseline": {
      "target_L27": {
        "n": 50,
        "mean": 0.08922741700662165,
        "std": 0.03128445973777057,
        "ci_95": [
          0.08024620620719444,
          0.09820862780604886
        ],
        "t_stat": 19.964925853978066,
        "p_value": 3.4817719785427096e-25,
        "cohens_d": 2.85213226485401
      },
      "control_head_L27": {
        "n": 50,
        "mean": 0.039467009768818916,
        "std": 0.010818160323272605,
        "ci_95": [
          0.03636130875496996,
          0.04257271078266787
        ],
        "t_stat": 25.537527650372088,
        "p_value": 5.713782207846762e-30,
        "cohens_d": 3.648218235767441
      },
      "target_L21": {
        "n": 50,
        "mean": -3.975929566941261e-05,
        "std": 0.0017177299126216444,
        "ci_95": [
          -0.0005328889380237881,
          0.00045337034668496294
        ],
        "t_stat": -0.16202493048579245,
        "p_value": 0.8719525092191346,
        "cohens_d": -0.023146418640827494
      }
    }
  },
  "key_finding": {
    "target_effect_recursive": 0.07870715541741313,
    "target_effect_baseline": 0.08922741700662165,
    "expected_effect": 0.0915,
    "observed_exceeds_expected": false
  }
}