{
  "artifacts": {
    "csv": "results/phase1_mechanism/runs/20251213_094227_hysteresis_patching_mistral_base_hysteresis_v1/hysteresis_patching.csv"
  },
  "by_window_by_push_by_undo": {
    "16": {
      "20": {
        "24": {
          "baseline": {
            "mean": 0.6661815525640546,
            "n": 80.0,
            "std": 0.06134108921145119
          },
          "none": {
            "mean": 0.5169684503084913,
            "n": 80.0,
            "std": 0.053865847006058856
          },
          "opposite": {
            "mean": 0.3182198763247275,
            "n": 80.0,
            "std": 0.03269668684219999
          },
          "random": {
            "mean": 0.8843519736368581,
            "n": 80.0,
            "std": 0.07186307360390576
          }
        },
        "27": {
          "baseline": {
            "mean": 0.6661815525640546,
            "n": 80.0,
            "std": 0.06134108921145119
          },
          "none": {
            "mean": 0.5169684503084913,
            "n": 80.0,
            "std": 0.053865847006058856
          },
          "opposite": {
            "mean": 0.4836013723939351,
            "n": 80.0,
            "std": 0.05439200849254778
          },
          "random": {
            "mean": 1.5094908702255334,
            "n": 80.0,
            "std": 0.09121556350610445
          }
        }
      },
      "24": {
        "27": {
          "baseline": {
            "mean": 0.6661815525640546,
            "n": 80.0,
            "std": 0.06134108921145119
          },
          "none": {
            "mean": 0.48354446000327445,
            "n": 80.0,
            "std": 0.05141386906643095
          },
          "opposite": {
            "mean": 0.4452792601437894,
            "n": 80.0,
            "std": 0.046681386321890644
          },
          "random": {
            "mean": 1.5100875481556029,
            "n": 80.0,
            "std": 0.09177334732537634
          }
        }
      }
    },
    "32": {
      "20": {
        "24": {
          "baseline": {
            "mean": 0.572221984097997,
            "n": 80.0,
            "std": 0.09913802706208921
          },
          "none": {
            "mean": 0.46544937232974937,
            "n": 80.0,
            "std": 0.06549623101590821
          },
          "opposite": {
            "mean": 0.29044265053361434,
            "n": 80.0,
            "std": 0.03375989373419916
          },
          "random": {
            "mean": 1.051036719287375,
            "n": 80.0,
            "std": 0.09451223786056694
          }
        },
        "27": {
          "baseline": {
            "mean": 0.572221984097997,
            "n": 80.0,
            "std": 0.09913802706208921
          },
          "none": {
            "mean": 0.46544937232974937,
            "n": 80.0,
            "std": 0.06549623101590821
          },
          "opposite": {
            "mean": 0.44455161954924705,
            "n": 80.0,
            "std": 0.06407477857581778
          },
          "random": {
            "mean": 2.1295377905543957,
            "n": 80.0,
            "std": 0.22503949290030412
          }
        }
      },
      "24": {
        "27": {
          "baseline": {
            "mean": 0.572221984097997,
            "n": 80.0,
            "std": 0.09913802706208921
          },
          "none": {
            "mean": 0.44084590981349925,
            "n": 80.0,
            "std": 0.0619697740783693
          },
          "opposite": {
            "mean": 0.39932934102522893,
            "n": 80.0,
            "std": 0.056054848112376564
          },
          "random": {
            "mean": 2.1291554632308554,
            "n": 80.0,
            "std": 0.22370804724628443
          }
        }
      }
    }
  },
  "device": "cuda",
  "experiment": "hysteresis_patching",
  "model_name": "mistralai/Mistral-7B-v0.1",
  "n_rows": 1920,
  "params": {
    "early_layer": 5,
    "max_length": 512,
    "max_pairs": 40,
    "measurement_layer": 27,
    "n_repeats": 2,
    "push_layers": [
      20,
      24
    ],
    "source_groups": [
      "L5_refined",
      "L4_full",
      "L3_deeper"
    ],
    "target_groups": [
      "long_control",
      "baseline_creative",
      "baseline_math"
    ],
    "undo_kinds": [
      "none",
      "baseline",
      "opposite",
      "random"
    ],
    "undo_layers": [
      24,
      27
    ],
    "windows": [
      16,
      32
    ]
  }
}
