{
  "experiment": "c2_rv_measurement",
  "model": "mistralai/Mistral-7B-v0.1",
  "n_prompts": 30,
  "by_config": {
    "baseline": {
      "rv_mean": 0.7249330001490338,
      "rv_std": 0.08257098912278815,
      "rv_ci_95_low": 0.6941004860923984,
      "rv_ci_95_high": 0.7557655142056693,
      "rv_min": 0.5480549924921766,
      "coherence": 0.8733333333333333,
      "philosophical_pct": 0.0,
      "task_pct": 66.66666666666666,
      "n_prompts": 30,
      "logit_diff_mean": -6.471061197916667,
      "logit_diff_std": 5.505430323986645,
      "crystallization_layer_mean": 25.533333333333335,
      "mode_score_m_mean": null
    },
    "no_kv": {
      "rv_mean": 0.6544176233943847,
      "rv_std": 0.0756690898825405,
      "rv_ci_95_low": 0.6256346409454187,
      "rv_ci_95_high": 0.6832006058433507,
      "rv_min": 0.49499563319736495,
      "coherence": 0.8400000000000001,
      "philosophical_pct": 0.0,
      "task_pct": 43.333333333333336,
      "n_prompts": 30,
      "logit_diff_mean": -8.4541015625,
      "logit_diff_std": 5.64246510600012,
      "crystallization_layer_mean": 22.3,
      "mode_score_m_mean": null
    }
  },
  "statistics": {},
  "artifacts": {
    "csv": "results/phase1_mechanism/runs/20260111_140449_c2_ablation_no_kv/c2_rv_measurement.csv",
    "outputs_dir": "results/phase1_mechanism/runs/20260111_140449_c2_ablation_no_kv/outputs"
  }
}