{
  "effects": {
    "champions_vs_length_matched": {
      "cohens_d": -3.3042752997042815,
      "mean_diff": -0.3145978402331896,
      "mean_diff_95ci": {
        "hi": -0.25459297144111764,
        "lo": -0.3756699990898301
      },
      "p": 4.8522042928851184e-09,
      "t": -9.912825899112844
    },
    "champions_vs_pseudo_recursive": {
      "cohens_d": -3.9566132582097384,
      "mean_diff": -0.2518773161748745,
      "mean_diff_95ci": {
        "hi": -0.21460033768373707,
        "lo": -0.29522645860240004
      },
      "p": 3.021589050914845e-11,
      "t": -11.869839774629211
    },
    "length_matched_vs_pseudo_recursive": {
      "cohens_d": 0.5749847515413784,
      "mean_diff": 0.06272052405831507,
      "mean_diff_95ci": {
        "hi": 0.12983778157738793,
        "lo": -0.00732916948286685
      },
      "p": 0.09522539081837424,
      "t": 1.7249542546241348
    }
  },
  "groups": {
    "champion": {
      "mean": 0.5141284568229822,
      "median": 0.5027319134179974,
      "n": 18,
      "std": 0.0349069243100096
    },
    "length_matched": {
      "mean": 0.8287262970561718,
      "median": 0.8309181950679371,
      "n": 18,
      "std": 0.13004283908583528
    },
    "pseudo_recursive": {
      "mean": 0.7660057729978568,
      "median": 0.747731286114312,
      "n": 18,
      "std": 0.08298586520892429
    }
  },
  "source": {
    "run_dir": "/Users/dhyana/mech-interp-latent-lab-phase1/results/confound_validation/runs/20251215_091017_confound_validation_mistral7b_instruct_l27_w16"
  },
  "token_count_corr": {
    "all": {
      "p": 0.04302368100228231,
      "r": 0.27643764296148227
    },
    "champion": {
      "p": 0.5281986768731569,
      "r": -0.15914393803080246
    },
    "length_matched": {
      "p": 0.007929421340622052,
      "r": 0.6040888678553267
    },
    "pseudo_recursive": {
      "p": 9.668308515571929e-05,
      "r": 0.789808544598363
    }
  }
}
