{
  "artifacts": {
    "csv": "results/phase1_mechanism/runs/20251213_094438_path_patching_mechanism_math_source_control_base/path_patching_mechanism.csv"
  },
  "by_component": {
    "resid": {
      "none": {
        "mean": 0.6245420082179467,
        "n": 480.0,
        "std": 0.09405002023190653
      },
      "recursive": {
        "mean": 0.7236439711456614,
        "n": 480.0,
        "std": 0.11888089622317022
      },
      "shuffled": {
        "mean": 0.720998583107588,
        "n": 480.0,
        "std": 0.11826333848591238
      }
    }
  },
  "by_component_by_window": {
    "resid": {
      "16": {
        "none": {
          "mean": 0.66888120597539,
          "n": 240.0,
          "std": 0.06234838493839846
        },
        "recursive": {
          "mean": 0.7766373561223064,
          "n": 240.0,
          "std": 0.08577944576017782
        },
        "shuffled": {
          "mean": 0.7732450357753654,
          "n": 240.0,
          "std": 0.0855552046479416
        }
      },
      "32": {
        "none": {
          "mean": 0.5802028104605031,
          "n": 240.0,
          "std": 0.09945914273747615
        },
        "recursive": {
          "mean": 0.6706505861690163,
          "n": 240.0,
          "std": 0.12379925705474458
        },
        "shuffled": {
          "mean": 0.6687521304398104,
          "n": 240.0,
          "std": 0.12340597600037255
        }
      }
    }
  },
  "by_component_by_window_by_layer": {
    "resid": {
      "16": {
        "20": {
          "none": {
            "mean": 0.66888120597539,
            "n": 40.0,
            "std": 0.06301097937016982
          },
          "recursive": {
            "mean": 0.7735658631438758,
            "n": 40.0,
            "std": 0.08451858568746795
          },
          "shuffled": {
            "mean": 0.7661452569251287,
            "n": 40.0,
            "std": 0.0835122593744309
          }
        },
        "22": {
          "none": {
            "mean": 0.66888120597539,
            "n": 40.0,
            "std": 0.06301097937016982
          },
          "recursive": {
            "mean": 0.7765479798641363,
            "n": 40.0,
            "std": 0.08644359246616576
          },
          "shuffled": {
            "mean": 0.771165287947172,
            "n": 40.0,
            "std": 0.08649694414180312
          }
        },
        "24": {
          "none": {
            "mean": 0.66888120597539,
            "n": 40.0,
            "std": 0.06301097937016982
          },
          "recursive": {
            "mean": 0.775762282616089,
            "n": 40.0,
            "std": 0.08659463490570425
          },
          "shuffled": {
            "mean": 0.772235205881401,
            "n": 40.0,
            "std": 0.08679633264994815
          }
        },
        "25": {
          "none": {
            "mean": 0.66888120597539,
            "n": 40.0,
            "std": 0.06301097937016982
          },
          "recursive": {
            "mean": 0.7768506370733381,
            "n": 40.0,
            "std": 0.08698853807308708
          },
          "shuffled": {
            "mean": 0.7746408551715758,
            "n": 40.0,
            "std": 0.0860999275093209
          }
        },
        "26": {
          "none": {
            "mean": 0.66888120597539,
            "n": 40.0,
            "std": 0.06301097937016982
          },
          "recursive": {
            "mean": 0.7776576758250994,
            "n": 40.0,
            "std": 0.08750151903510932
          },
          "shuffled": {
            "mean": 0.7758441626314895,
            "n": 40.0,
            "std": 0.08725769595960058
          }
        },
        "27": {
          "none": {
            "mean": 0.66888120597539,
            "n": 40.0,
            "std": 0.06301097937016982
          },
          "recursive": {
            "mean": 0.7794396982113008,
            "n": 40.0,
            "std": 0.08794515863535612
          },
          "shuffled": {
            "mean": 0.7794394460954253,
            "n": 40.0,
            "std": 0.08794539334223986
          }
        }
      },
      "32": {
        "20": {
          "none": {
            "mean": 0.5802028104605033,
            "n": 40.0,
            "std": 0.10051612399259151
          },
          "recursive": {
            "mean": 0.6686554408223306,
            "n": 40.0,
            "std": 0.12423337196667601
          },
          "shuffled": {
            "mean": 0.6643361779536932,
            "n": 40.0,
            "std": 0.12371143296610626
          }
        },
        "22": {
          "none": {
            "mean": 0.5802028104605033,
            "n": 40.0,
            "std": 0.10051612399259151
          },
          "recursive": {
            "mean": 0.6713361700012584,
            "n": 40.0,
            "std": 0.12500022682395467
          },
          "shuffled": {
            "mean": 0.6684887152803161,
            "n": 40.0,
            "std": 0.1243232587055716
          }
        },
        "24": {
          "none": {
            "mean": 0.5802028104605033,
            "n": 40.0,
            "std": 0.10051612399259151
          },
          "recursive": {
            "mean": 0.6708404738539605,
            "n": 40.0,
            "std": 0.1251311883309032
          },
          "shuffled": {
            "mean": 0.6690408113252321,
            "n": 40.0,
            "std": 0.12457715758373397
          }
        },
        "25": {
          "none": {
            "mean": 0.5802028104605033,
            "n": 40.0,
            "std": 0.10051612399259151
          },
          "recursive": {
            "mean": 0.6709853985165448,
            "n": 40.0,
            "std": 0.12534402475260487
          },
          "shuffled": {
            "mean": 0.6695531336450161,
            "n": 40.0,
            "std": 0.12486884494085738
          }
        },
        "26": {
          "none": {
            "mean": 0.5802028104605033,
            "n": 40.0,
            "std": 0.10051612399259151
          },
          "recursive": {
            "mean": 0.6707802008979138,
            "n": 40.0,
            "std": 0.12538777802185605
          },
          "shuffled": {
            "mean": 0.6697868937951232,
            "n": 40.0,
            "std": 0.12513266079412044
          }
        },
        "27": {
          "none": {
            "mean": 0.5802028104605033,
            "n": 40.0,
            "std": 0.10051612399259151
          },
          "recursive": {
            "mean": 0.6713058329220895,
            "n": 40.0,
            "std": 0.12556769283981536
          },
          "shuffled": {
            "mean": 0.6713070506394823,
            "n": 40.0,
            "std": 0.12556819099191502
          }
        }
      }
    }
  },
  "device": "cuda",
  "experiment": "path_patching_mechanism",
  "model_name": "mistralai/Mistral-7B-v0.1",
  "n_rows": 1440,
  "params": {
    "components": [
      "resid"
    ],
    "early_layer": 5,
    "include_wrong_layer_control": false,
    "max_length": 512,
    "max_pairs": 40,
    "measurement_layer": 27,
    "n_repeats": 2,
    "pairing": {
      "baseline_groups": [
        "long_control"
      ],
      "recursive_groups": [
        "baseline_math"
      ]
    },
    "patch_layers": [
      20,
      22,
      24,
      25,
      26,
      27
    ],
    "patch_types": [
      "none",
      "recursive",
      "shuffled"
    ],
    "target_layer": 27,
    "window": 16,
    "windows": [
      16,
      32
    ],
    "wrong_layer": 18
  }
}
