{
  "champion": {
    "top_5": [
      [
        0,
        "<s>",
        0.9677734375
      ],
      [
        66,
        " sol",
        0.007015228271484375
      ],
      [
        67,
        "ves",
        0.0030384063720703125
      ],
      [
        1,
        "This",
        0.0021839141845703125
      ],
      [
        68,
        " itself",
        0.0017499923706054688
      ]
    ],
    "entropy": 0.3173224925994873,
    "bos_attn": 0.9677734375
  },
  "baseline_photo": {
    "top_5": [
      [
        0,
        "<s>",
        0.828125
      ],
      [
        32,
        ".",
        0.029876708984375
      ],
      [
        2,
        "plain",
        0.019866943359375
      ],
      [
        6,
        " photos",
        0.0171356201171875
      ],
      [
        8,
        "nt",
        0.01641845703125
      ]
    ],
    "entropy": 0.9969416260719299,
    "bos_attn": 0.828125
  },
  "baseline_code": {
    "top_5": [
      [
        0,
        "<s>",
        0.89794921875
      ],
      [
        28,
        " hint",
        0.0160675048828125
      ],
      [
        32,
        " doc",
        0.01404571533203125
      ],
      [
        34,
        ".",
        0.007720947265625
      ],
      [
        1,
        "Write",
        0.0075531005859375
      ]
    ],
    "entropy": 0.6541407704353333,
    "bos_attn": 0.89794921875
  },
  "baseline_history": {
    "top_5": [
      [
        0,
        "<s>",
        0.7236328125
      ],
      [
        1,
        "Describe",
        0.04998779296875
      ],
      [
        31,
        ".",
        0.02880859375
      ],
      [
        13,
        " battles",
        0.02252197265625
      ],
      [
        8,
        " II",
        0.016998291015625
      ]
    ],
    "entropy": 0.7839539051055908,
    "bos_attn": 0.7236328125
  },
  "recursive_mild": {
    "top_5": [
      [
        0,
        "<s>",
        0.9521484375
      ],
      [
        25,
        " words",
        0.005870819091796875
      ],
      [
        14,
        " you",
        0.00562286376953125
      ],
      [
        15,
        " answer",
        0.00469207763671875
      ],
      [
        3,
        " consciousness",
        0.004116058349609375
      ]
    ],
    "entropy": 0.22737270593643188,
    "bos_attn": 0.9521484375
  },
  "recursive_medium": {
    "top_5": [
      [
        0,
        "<s>",
        0.95751953125
      ],
      [
        20,
        " refers",
        0.01763916015625
      ],
      [
        16,
        " Notice",
        0.0028324127197265625
      ],
      [
        2,
        " sentence",
        0.0017881393432617188
      ],
      [
        21,
        " back",
        0.0017366409301757812
      ]
    ],
    "entropy": 0.20081868767738342,
    "bos_attn": 0.95751953125
  },
  "recursive_strong": {
    "top_5": [
      [
        0,
        "<s>",
        0.95703125
      ],
      [
        28,
        " observer",
        0.005840301513671875
      ],
      [
        34,
        ".",
        0.004390716552734375
      ],
      [
        30,
        " observed",
        0.003276824951171875
      ],
      [
        31,
        " collapse",
        0.0029125213623046875
      ]
    ],
    "entropy": 0.37690332531929016,
    "bos_attn": 0.95703125
  }
}