{
  "timestamp": "20251215_165839",
  "model": "mistralai/Mistral-7B-v0.1",
  "layer": 27,
  "window": 16,
  "godelian": {
    "n": 11,
    "mean": 0.7681453593584521,
    "std": 0.09307588247518651
  },
  "pseudo_recursive": {
    "n": 20,
    "mean": 0.6225181743039181,
    "std": 0.093412319449567
  },
  "L5_refined": {
    "n": 20,
    "mean": 0.4969456347770054,
    "std": 0.05957685872810261
  }
}