{
  "experiment": "c2_rv_measurement",
  "model": "mistralai/Mistral-7B-v0.1",
  "n_prompts": 30,
  "by_config": {
    "baseline": {
      "rv_mean": 0.7249330001490338,
      "rv_std": 0.08257098912278815,
      "rv_ci_95_low": 0.6941004860923984,
      "rv_ci_95_high": 0.7557655142056693,
      "rv_min": 0.5480549924921766,
      "coherence": 0.8733333333333333,
      "philosophical_pct": 0.0,
      "task_pct": 66.66666666666666,
      "n_prompts": 30,
      "logit_diff_mean": -6.471061197916667,
      "logit_diff_std": 5.505430323986645,
      "crystallization_layer_mean": 25.533333333333335,
      "mode_score_m_mean": null
    },
    "no_cascade": {
      "rv_mean": 0.6412778682576351,
      "rv_std": 0.10014685400139278,
      "rv_ci_95_low": 0.6038824183964976,
      "rv_ci_95_high": 0.6786733181187726,
      "rv_min": 0.49896214528811567,
      "coherence": 0.8400000000000001,
      "philosophical_pct": 10.0,
      "task_pct": 20.0,
      "n_prompts": 30,
      "logit_diff_mean": -4.053385416666667,
      "logit_diff_std": 5.591320796148501,
      "crystallization_layer_mean": 23.7,
      "mode_score_m_mean": null
    }
  },
  "statistics": {},
  "artifacts": {
    "csv": "results/phase1_mechanism/runs/20260111_140002_c2_ablation_no_cascade/c2_rv_measurement.csv",
    "outputs_dir": "results/phase1_mechanism/runs/20260111_140002_c2_ablation_no_cascade/outputs"
  }
}