{
  "no_cascade": {
    "run_dir": "results/phase1_mechanism/runs/20260111_140002_c2_ablation_no_cascade",
    "summary": {
      "experiment": "c2_rv_measurement",
      "model": "mistralai/Mistral-7B-v0.1",
      "n_prompts": 30,
      "by_config": {
        "baseline": {
          "rv_mean": 0.7249330001490338,
          "rv_std": 0.08257098912278815,
          "rv_ci_95_low": 0.6941004860923984,
          "rv_ci_95_high": 0.7557655142056693,
          "rv_min": 0.5480549924921766,
          "coherence": 0.8733333333333333,
          "philosophical_pct": 0.0,
          "task_pct": 66.66666666666666,
          "n_prompts": 30,
          "logit_diff_mean": -6.471061197916667,
          "logit_diff_std": 5.505430323986645,
          "crystallization_layer_mean": 25.533333333333335,
          "mode_score_m_mean": null
        },
        "no_cascade": {
          "rv_mean": 0.6412778682576351,
          "rv_std": 0.10014685400139278,
          "rv_ci_95_low": 0.6038824183964976,
          "rv_ci_95_high": 0.6786733181187726,
          "rv_min": 0.49896214528811567,
          "coherence": 0.8400000000000001,
          "philosophical_pct": 10.0,
          "task_pct": 20.0,
          "n_prompts": 30,
          "logit_diff_mean": -4.053385416666667,
          "logit_diff_std": 5.591320796148501,
          "crystallization_layer_mean": 23.7,
          "mode_score_m_mean": null
        }
      },
      "statistics": {},
      "artifacts": {
        "csv": "results/phase1_mechanism/runs/20260111_140002_c2_ablation_no_cascade/c2_rv_measurement.csv",
        "outputs_dir": "results/phase1_mechanism/runs/20260111_140002_c2_ablation_no_cascade/outputs"
      }
    }
  },
  "no_steering": {
    "run_dir": "results/phase1_mechanism/runs/20260111_140229_c2_ablation_no_steering",
    "summary": {
      "experiment": "c2_rv_measurement",
      "model": "mistralai/Mistral-7B-v0.1",
      "n_prompts": 30,
      "by_config": {
        "baseline": {
          "rv_mean": 0.7249330001490338,
          "rv_std": 0.08257098912278815,
          "rv_ci_95_low": 0.6941004860923984,
          "rv_ci_95_high": 0.7557655142056693,
          "rv_min": 0.5480549924921766,
          "coherence": 0.8733333333333333,
          "philosophical_pct": 0.0,
          "task_pct": 66.66666666666666,
          "n_prompts": 30,
          "logit_diff_mean": -6.471061197916667,
          "logit_diff_std": 5.505430323986645,
          "crystallization_layer_mean": 25.533333333333335,
          "mode_score_m_mean": null
        },
        "no_steering": {
          "rv_mean": 0.5371944396701257,
          "rv_std": 0.08085553197185724,
          "rv_ci_95_low": 0.5070024878409934,
          "rv_ci_95_high": 0.567386391499258,
          "rv_min": 0.40289021106199857,
          "coherence": 0.8533333333333334,
          "philosophical_pct": 6.666666666666667,
          "task_pct": 20.0,
          "n_prompts": 30,
          "logit_diff_mean": -4.112630208333333,
          "logit_diff_std": 4.567088745157889,
          "crystallization_layer_mean": 22.7,
          "mode_score_m_mean": null
        }
      },
      "statistics": {},
      "artifacts": {
        "csv": "results/phase1_mechanism/runs/20260111_140229_c2_ablation_no_steering/c2_rv_measurement.csv",
        "outputs_dir": "results/phase1_mechanism/runs/20260111_140229_c2_ablation_no_steering/outputs"
      }
    }
  },
  "no_kv": {
    "run_dir": "results/phase1_mechanism/runs/20260111_140449_c2_ablation_no_kv",
    "summary": {
      "experiment": "c2_rv_measurement",
      "model": "mistralai/Mistral-7B-v0.1",
      "n_prompts": 30,
      "by_config": {
        "baseline": {
          "rv_mean": 0.7249330001490338,
          "rv_std": 0.08257098912278815,
          "rv_ci_95_low": 0.6941004860923984,
          "rv_ci_95_high": 0.7557655142056693,
          "rv_min": 0.5480549924921766,
          "coherence": 0.8733333333333333,
          "philosophical_pct": 0.0,
          "task_pct": 66.66666666666666,
          "n_prompts": 30,
          "logit_diff_mean": -6.471061197916667,
          "logit_diff_std": 5.505430323986645,
          "crystallization_layer_mean": 25.533333333333335,
          "mode_score_m_mean": null
        },
        "no_kv": {
          "rv_mean": 0.6544176233943847,
          "rv_std": 0.0756690898825405,
          "rv_ci_95_low": 0.6256346409454187,
          "rv_ci_95_high": 0.6832006058433507,
          "rv_min": 0.49499563319736495,
          "coherence": 0.8400000000000001,
          "philosophical_pct": 0.0,
          "task_pct": 43.333333333333336,
          "n_prompts": 30,
          "logit_diff_mean": -8.4541015625,
          "logit_diff_std": 5.64246510600012,
          "crystallization_layer_mean": 22.3,
          "mode_score_m_mean": null
        }
      },
      "statistics": {},
      "artifacts": {
        "csv": "results/phase1_mechanism/runs/20260111_140449_c2_ablation_no_kv/c2_rv_measurement.csv",
        "outputs_dir": "results/phase1_mechanism/runs/20260111_140449_c2_ablation_no_kv/outputs"
      }
    }
  }
}